-- データベース webdb を作成する
DROP DATABASE IF EXISTS webdb;
CREATE DATABASE webdb;
USE webdb;

--  テーブル w_category
CREATE TABLE IF NOT EXISTS `w_category` (
  `category_id` char(2) NOT NULL,
  `category_name` varchar(30) NOT NULL,
  PRIMARY KEY (`category_id`),
  UNIQUE KEY `category_name` (`category_name`)
);

-- テーブル w_category
INSERT INTO `w_category` (`category_id`, `category_name`) VALUES
	('04', 'PCガジェット'),
	('03', 'オーディオ'),
	('02', 'キーボード'),
	('01', 'マウス');

--  テーブル w_maker
CREATE TABLE IF NOT EXISTS `w_maker` (
  `maker_id` char(3) NOT NULL,
  `maker_name` varchar(50) NOT NULL,
  PRIMARY KEY (`maker_id`),
  UNIQUE KEY `maker_name` (`maker_name`)
);

-- テーブル w_maker
INSERT INTO `w_maker` (`maker_id`, `maker_name`) VALUES
	('M02', 'AURORA Tech'),
	('M05', 'Hyperion Devices'),
	('M01', 'NeoCore'),
	('M03', 'SoundPeak'),
	('M04', 'VisionLab'),
	('M10', 'トーキョーギアワークス'),
	('M07', '未来デバイス研究所'),
	('M09', '桜テック株式会社'),
	('M08', '青波エレクトロニクス'),
	('M06', '静音工房');
	
--  テーブル w_goods
CREATE TABLE IF NOT EXISTS `w_goods` (
  `goods_id` char(5) NOT NULL,
  `category_id` char(2) NOT NULL,
  `maker_id` char(3) NOT NULL,
  `goods_name` varchar(100) NOT NULL,
  `price` int(11) DEFAULT NULL,
  `stock` int(11) NOT NULL,
  `image` varchar(100) NOT NULL,
  `detail` text DEFAULT NULL,
  PRIMARY KEY (`goods_id`),
  KEY `category_id` (`category_id`),
  KEY `maker_id` (`maker_id`),
  CONSTRAINT `w_goods_ibfk_1` FOREIGN KEY (`category_id`) REFERENCES `w_category` (`category_id`),
  CONSTRAINT `w_goods_ibfk_2` FOREIGN KEY (`maker_id`) REFERENCES `w_maker` (`maker_id`)
);

-- テーブル w_goods
INSERT INTO `w_goods` (`goods_id`, `category_id`, `maker_id`, `goods_name`, `price`, `stock`, `image`, `detail`) VALUES
	('01001', '01', 'M01', 'USBマウス ブラック', 1980, 100, '01001.png', ''),
	('01002', '01', 'M06', 'USBマウス ホワイト', NULL, 0, '01002.png', ''),
	('01003', '01', 'M02', 'Bluetoothマウス', 2980, 50, '01003.png', ''),
	('01004', '01', 'M07', 'ワイヤレスマウス', 3480, 100, '01004.png', ''),
	('01005', '01', 'M09', '静音マウス', 2480, 0, '01005.png', ''),
	('01006', '01', 'M03', 'RGBゲーミングマウス', 5980, 20, '01006.png', ''),
	('01007', '01', 'M10', 'ゲーミングマウス Pro', 6980, 100, '01007.png', ''),
	('01008', '01', 'M08', '超軽量ゲーミングマウス', 6480, 50, '01008.png', ''),
	('01009', '01', 'M06', '縦型マウス', 3980, 0, '01009.png', ''),
	('01010', '01', 'M01', 'コンパクトマウス', 2280, 100, '01010.png', ''),
	('01011', '01', 'M09', 'Bluetooth静音マウス', 3280, 50, '01011.png', ''),
	('01012', '01', 'M02', 'RGBワイヤレスマウス', 5480, 20, '01012.png', ''),
	('02001', '02', 'M07', 'USBキーボード ブラック', 2980, 100, '02001.png', ''),
	('02002', '02', 'M08', 'USBキーボード ホワイト', 2980, 0, '02002.png', ''),
	('02003', '02', 'M03', 'Bluetoothキーボード', 4980, 50, '02003.png', ''),
	('02004', '02', 'M10', 'ワイヤレスキーボード', 4480, 100, '02004.png', ''),
	('02005', '02', 'M01', 'RGBゲーミングキーボード', 7980, 0, '02005.png', ''),
	('02006', '02', 'M02', 'メカニカルキーボード', 9980, 20, '02006.png', ''),
	('02007', '02', 'M06', 'コンパクトキーボード', NULL, 100, '02007.png', ''),
	('02008', '02', 'M09', '英語配列キーボード', 4480, 50, '02008.png', ''),
	('02009', '02', 'M08', '日本語配列キーボード', 4480, 0, '02009.png', ''),
	('02010', '02', 'M06', '静音キーボード', NULL, 100, '02010.png', ''),
	('02011', '02', 'M03', 'RGBメカニカルキーボード', 12800, 20, '02011.png', ''),
	('02012', '02', 'M10', 'Bluetoothコンパクトキーボード', 5480, 100, '02012.png', ''),
	('03001', '03', 'M03', 'Bluetoothスピーカー', 4980, 100, '03001.png', ''),
	('03002', '03', 'M08', 'RGBゲーミングスピーカー', 6980, 0, '03002.png', ''),
	('03003', '03', 'M02', 'サウンドバー スピーカー', 9980, 50, '03003.png', ''),
	('03004', '03', 'M06', '小型スピーカー', 2980, 100, '03004.png', ''),
	('03005', '03', 'M09', 'ワイヤレスイヤホン ブラック', 6980, 20, '03005.png', ''),
	('03006', '03', 'M07', 'ワイヤレスイヤホン ホワイト', 6980, 0, '03006.png', ''),
	('03007', '03', 'M01', 'Bluetoothヘッドホン', 8980, 100, '03007.png', ''),
	('03008', '03', 'M10', 'ノイズキャンセルヘッドホン', 12800, 50, '03008.png', ''),
	('03009', '03', 'M05', 'ゲーミングヘッドセット', 7980, 100, '03009.png', ''),
	('03010', '03', 'M06', 'USBマイク', 3980, 0, '03010.png', ''),
	('03011', '03', 'M03', '配信用USBマイク', NULL, 20, '03011.png', ''),
	('03012', '03', 'M08', 'RGBヘッドセット', 8980, 100, '03012.png', ''),
	('04001', '04', 'M04', 'Webカメラ HD', 4980, 100, '04001.png', ''),
	('04002', '04', 'M09', '配信用Webカメラ', 7980, 0, '04002.png', ''),
	('04003', '04', 'M06', 'LEDデスクライト', 3980, 50, '04003.png', ''),
	('04004', '04', 'M08', 'RGBデスクライト', NULL, 100, '04004.png', ''),
	('04005', '04', 'M10', 'ノートPCスタンド', 3480, 0, '04005.png', ''),
	('04006', '04', 'M01', '折りたたみPCスタンド', 4480, 20, '04006.png', ''),
	('04007', '04', 'M07', 'タブレットスタンド', 2480, 100, '04007.png', ''),
	('04008', '04', 'M05', 'ワイヤレス充電器', NULL, 50, '04008.png', ''),
	('04009', '04', 'M02', '急速ワイヤレス充電器', 5980, 100, '04009.png', ''),
	('04010', '04', 'M06', 'リングライト', 4480, 0, '04010.png', ''),
	('04011', '04', 'M08', 'RGBリングライト', 6480, 20, '04011.png', ''),
	('04012', '04', 'M09', '配信用LEDライト', 6980, 100, '04012.png', '');



